{
  "states": [
    "Standing",
    "Walking",
    "Jumping",
    "Still"
  ],
  "initial_prob": [
    NaN,
    NaN,
    NaN,
    NaN
  ],
  "transition_prob": [
    [
      0.0,
      0.0,
      0.0,
      0.0
    ],
    [
      0.0,
      0.0,
      0.0,
      0.0
    ],
    [
      0.0,
      0.0,
      0.0,
      0.0
    ],
    [
      0.0,
      0.0,
      0.0,
      0.0
    ]
  ],
  "emission_means": [
    [
      0.2744620961879022,
      -0.44397036690867253,
      -0.6167847493530275,
      -0.6101025243777627,
      0.5454806606818425,
      -0.5607996760146085,
      -0.5635295174899287,
      0.6949549829907352,
      -0.5349851536051987,
      -0.6354395095851262,
      -0.6441450771181786,
      0.6493610140158084,
      -0.5447837825643504,
      -0.6275157951443263,
      0.2223589508543223,
      -0.5928860286960462,
      -0.7018809697084907,
      -0.7164952865095839,
      0.8554339879832759,
      -0.6785195338358727,
      -0.7595787436066129,
      0.0,
      0.0,
      0.0,
      0.0,
      0.0,
      0.0,
      0.0,
      0.0,
      0.0,
      0.0,
      0.0,
      0.0,
      0.0,
      0.0,
      0.0,
      0.0,
      0.0,
      0.0,
      0.0,
      0.0,
      0.0,
      -0.6831961253988732,
      -0.8821354837038017,
      -0.4649154838676595,
      -0.9253550868916769,
      0.5615086814337481,
      -0.6900557415127732,
      0.1061396872893543,
      -0.4208957190420984,
      0.1920675055292815,
      -0.6656755815961191,
      -0.540041862192622,
      0.42907177187242224,
      -0.5186729437548745,
      -0.5794376425451776,
      0.6994438651287307,
      0.0,
      0.0,
      0.0,
      0.0,
      0.0,
      0.0,
      0.0,
      0.0,
      0.0
    ],
    [
      0.39453566280241925,
      -0.4159367801518945,
      -0.39515918359884233,
      -0.39363975520832023,
      0.4097884585705796,
      -0.3289716663166771,
      -0.37827364748449116,
      0.1601427014156884,
      -0.5233563218892211,
      -0.4738356895011713,
      -0.46210697994332733,
      0.43705698737417736,
      -0.4401037281341315,
      -0.4522371893359569,
      -0.6735975740138757,
      -0.5456424869943203,
      -0.39501497653172246,
      -0.375888993183235,
      0.16363659869553268,
      -0.3494771961486666,
      -0.2836935110711083,
      0.0,
      0.0,
      0.0,
      0.0,
      0.0,
      0.0,
      0.0,
      0.0,
      0.0,
      0.0,
      0.0,
      0.0,
      0.0,
      0.0,
      0.0,
      0.0,
      0.0,
      0.0,
      0.0,
      0.0,
      0.0,
      -0.4274260195382364,
      0.14314123455107725,
      0.1752074395441755,
      -0.5349442777558281,
      0.5541726609960638,
      -0.4183373985771754,
      -0.14466443769721501,
      -0.40059274915262216,
      0.36077340033640687,
      -0.23050277935003607,
      -0.5223089794004313,
      0.19878457959761758,
      -0.24151238329143243,
      -0.5265176540307148,
      0.4298826556277982,
      0.0,
      0.0,
      0.0,
      0.0,
      0.0,
      0.0,
      0.0,
      0.0,
      0.0
    ],
    [
      -0.9528286403721382,
      1.3647263475588784,
      1.592805713020068,
      1.570272634442527,
      -1.3770340966461678,
      1.4214894153568942,
      1.4254208665968402,
      -1.2563328369680367,
      1.4908423342867725,
      1.602054793832561,
      1.6006667136484956,
      -1.4550558046081568,
      1.453351266483537,
      1.5007725303244095,
      0.5274730717359346,
      1.6732774170663427,
      1.6600135120398134,
      1.6572036730826287,
      -1.5114812591538314,
      1.618233821300416,
      1.6062875143964195,
      0.0,
      0.0,
      0.0,
      0.0,
      0.0,
      0.0,
      0.0,
      0.0,
      0.0,
      0.0,
      0.0,
      0.0,
      0.0,
      0.0,
      0.0,
      0.0,
      0.0,
      0.0,
      0.0,
      0.0,
      0.0,
      1.6647177687133403,
      1.366241123123685,
      0.8834736008672405,
      -0.04491805130390906,
      0.41256040467837657,
      1.661117076652855,
      0.4716283881554308,
      1.2848416974244892,
      0.3394177967726122,
      1.4647945033863643,
      1.5011803786295843,
      0.002661121301668188,
      1.396676056319244,
      1.6379434376759423,
      -0.5208781344667366,
      0.0,
      0.0,
      0.0,
      0.0,
      0.0,
      0.0,
      0.0,
      0.0,
      0.0
    ],
    [
      0.27682813977240134,
      -0.4439768373829097,
      -0.6180092695081183,
      -0.6110681114478059,
      0.547603212401786,
      -0.5633325072680726,
      -0.5658935006111514,
      0.6869441191319416,
      -0.5349884775927047,
      -0.6374117434676345,
      -0.6463059676035737,
      0.6523641268709044,
      -0.5493872704939794,
      -0.6312659600665893,
      0.2622937961462837,
      -0.5928325144552621,
      -0.701099140054076,
      -0.7110277554189037,
      0.8271839480988781,
      -0.6751337450999695,
      -0.7464773726336471,
      0.0,
      0.0,
      0.0,
      0.0,
      0.0,
      0.0,
      0.0,
      0.0,
      0.0,
      0.0,
      0.0,
      0.0,
      0.0,
      0.0,
      0.0,
      0.0,
      0.0,
      0.0,
      0.0,
      0.0,
      0.0,
      -0.6799351044972747,
      -0.8857956252044408,
      -0.7639089310765255,
      1.5819051581182444,
      -1.788221261091459,
      -0.6851793015016172,
      -0.5637798660414424,
      -0.4209000488181445,
      -1.3196069177813508,
      -0.6598095962519683,
      -0.5400456217523695,
      -0.9920568783155357,
      -0.7062204036459632,
      -0.5792809614261595,
      -0.8366877092959171,
      0.0,
      0.0,
      0.0,
      0.0,
      0.0,
      0.0,
      0.0,
      0.0,
      0.0
    ]
  ],
  "overall_accuracy": 0.18181818181818182
}