{
  "states": [
    "Standing",
    "Walking",
    "Jumping",
    "Still"
  ],
  "initial_prob": [
    NaN,
    NaN,
    NaN,
    NaN
  ],
  "transition_prob": [
    [
      0.0,
      0.0,
      0.0,
      0.0
    ],
    [
      0.0,
      0.0,
      0.0,
      0.0
    ],
    [
      0.0,
      0.0,
      0.0,
      0.0
    ],
    [
      0.0,
      0.0,
      0.0,
      0.0
    ]
  ],
  "emission_means": [
    [
      0.26813498181485584,
      -0.43448043213873644,
      -0.6044438271501843,
      -0.5978950283150967,
      0.5362948139149829,
      -0.5526797884610091,
      -0.5546020469706548,
      0.6830851067900728,
      -0.5227672305751727,
      -0.6222217373137862,
      -0.6307394956983464,
      0.6366528033367282,
      -0.5332175564221984,
      -0.6146992283043706,
      0.2268406553004431,
      -0.5794496895771258,
      -0.6933191796405853,
      -0.7077653784558613,
      0.8648747812426156,
      -0.6737568411591403,
      -0.7603156223186169,
      0.0,
      0.0,
      0.0,
      0.0,
      0.0,
      0.0,
      0.0,
      0.0,
      0.0,
      0.0,
      0.0,
      0.0,
      0.0,
      0.0,
      0.0,
      0.0,
      0.0,
      0.0,
      0.0,
      0.0,
      0.0,
      -0.6708802864020426,
      -0.8741657601913589,
      -0.7720052566336862,
      -0.948799283793502,
      0.7276577970623229,
      -0.678233661340471,
      -0.3796003454454008,
      -0.412041606949695,
      0.1437894795042755,
      -0.5881017885892482,
      -0.5276857655837919,
      0.3900483828705226,
      -0.4329964243592017,
      -0.5665380895306656,
      0.6786298721735897,
      0.0,
      0.0,
      0.0,
      0.0,
      0.0,
      0.0,
      0.0,
      0.0,
      0.0
    ],
    [
      0.3653071661833844,
      -0.4196822112128004,
      -0.4264178531886523,
      -0.423640734582889,
      0.4246989831352654,
      -0.34561308720137696,
      -0.39427805315896486,
      0.14603804603552187,
      -0.512020034656524,
      -0.4654993810265476,
      -0.4533918241249546,
      0.4219317837375171,
      -0.43392387814886085,
      -0.4401280831232713,
      -0.7075471421711468,
      -0.541136796867606,
      -0.4033506168054946,
      -0.38163838652352206,
      0.18529342491644837,
      -0.39170404744050363,
      -0.3186113385289044,
      0.0,
      0.0,
      0.0,
      0.0,
      0.0,
      0.0,
      0.0,
      0.0,
      0.0,
      0.0,
      0.0,
      0.0,
      0.0,
      0.0,
      0.0,
      0.0,
      0.0,
      0.0,
      0.0,
      0.0,
      0.0,
      -0.4327908938904998,
      0.16485457247248672,
      0.2404301755340806,
      -0.468521004924818,
      0.5746783333575608,
      -0.42282379586184055,
      0.09990250762587688,
      -0.39998397728046653,
      0.4368637473734999,
      -0.27704501250035074,
      -0.5104325762834675,
      0.2261240265573652,
      -0.2914309945866398,
      -0.5174790403195783,
      0.43312539975091596,
      0.0,
      0.0,
      0.0,
      0.0,
      0.0,
      0.0,
      0.0,
      0.0,
      0.0
    ],
    [
      -0.9099371104022059,
      1.3164236287282118,
      1.5643575030019254,
      1.5512667711013355,
      -1.4672036722778847,
      1.4066704497107594,
      1.4658817849225771,
      -1.3932544598896655,
      1.4780132935106982,
      1.6060562655952042,
      1.6087512211694517,
      -1.5357153738308924,
      1.4930496246315574,
      1.5668527168194188,
      0.4119037530032668,
      1.6308996802479119,
      1.6543973767746245,
      1.652151968770892,
      -1.4854548894899118,
      1.6422427135438473,
      1.6112193816593214,
      0.0,
      0.0,
      0.0,
      0.0,
      0.0,
      0.0,
      0.0,
      0.0,
      0.0,
      0.0,
      0.0,
      0.0,
      0.0,
      0.0,
      0.0,
      0.0,
      0.0,
      0.0,
      0.0,
      0.0,
      0.0,
      1.670226363002018,
      1.4163137965756822,
      0.9963413797796316,
      -0.06947413132686249,
      0.42248383745028645,
      1.6690324010662312,
      0.5193984544023611,
      1.2665849752292806,
      0.3756695475439904,
      1.4805360732750348,
      1.5111595164855378,
      0.03759712904251064,
      1.4090848039991453,
      1.6057508269961194,
      -0.5094836283317351,
      0.0,
      0.0,
      0.0,
      0.0,
      0.0,
      0.0,
      0.0,
      0.0,
      0.0
    ],
    [
      0.2704088020117351,
      -0.4344796153898021,
      -0.6047635651991048,
      -0.5979689403890335,
      0.5336527034168979,
      -0.5551892166607112,
      -0.5544226736186515,
      0.6763299612026505,
      -0.5227750564316056,
      -0.6246241037709025,
      -0.6333334536694293,
      0.6414079490007761,
      -0.5373068720621049,
      -0.6193337941401474,
      0.2671524117196704,
      -0.5791221667647887,
      -0.6887492430128106,
      -0.6981910969115869,
      0.8039090468057687,
      -0.6902146371303576,
      -0.7469799159156215,
      0.0,
      0.0,
      0.0,
      0.0,
      0.0,
      0.0,
      0.0,
      0.0,
      0.0,
      0.0,
      0.0,
      0.0,
      0.0,
      0.0,
      0.0,
      0.0,
      0.0,
      0.0,
      0.0,
      0.0,
      0.0,
      -0.6665144769483055,
      -0.8778653831130357,
      -0.7509240169163547,
      1.5572568031967158,
      -1.7300968452622936,
      -0.6718892181553148,
      -0.5760396596898385,
      -0.4120406522022847,
      -1.351046454045702,
      -0.6910297183044777,
      -0.5276929089752901,
      -1.0761789455047566,
      -0.7384539772766343,
      -0.566188143671901,
      -0.8973489046600649,
      0.0,
      0.0,
      0.0,
      0.0,
      0.0,
      0.0,
      0.0,
      0.0,
      0.0
    ]
  ],
  "overall_accuracy": 0.18181818181818182
}